id,cpf,nome,email,telefone,estacionamento_id,perfil_tipo
1,7618599297,Demetrius Philipson,dphilipson0@exblog.jp,4591879950,27,horista
2,6639931567,Mord Layton,mlayton1@deviantart.com,3612294620,93,mensalista
3,2759164497,Sven Berk,sberk2@google.ca,9954709924,4,horista
4,4680454083,Erasmus Crush,ecrush3@pen.io,6957759752,76,horista
5,2984962362,Sig Marchent,smarchent4@netvibes.com,8158595867,96,mensalista
6,9782436828,Myrtia Son,mson5@whitehouse.gov,6075554012,34,mensalista
7,1173723099,Jere Mitchelmore,jmitchelmore6@chron.com,2296782907,72,mensalista
8,8453323496,Lisa Virgoe,lvirgoe7@wordpress.com,7728691065,64,horista
9,6997481434,Wilmette Clewlowe,wclewlowe8@timesonline.co.uk,3894418817,6,mensalista
10,8294278734,Osbert Gouldstone,ogouldstone9@nsw.gov.au,2536715725,71,horista
11,165419830,Charmine Lanktree,clanktreea@hostgator.com,5952935549,82,horista
12,2576338348,Andi Mansbridge,amansbridgeb@cbsnews.com,9289566686,34,horista
13,5251474709,Opal Grelik,ogrelikc@macromedia.com,8582524909,11,mensalista
14,5454505323,Prince Edlin,pedlind@sina.com.cn,1311341253,96,horista
15,6383963392,Martguerita Radley,mradleye@nymag.com,6224733354,11,horista
16,7352270426,Toma Oddboy,toddboyf@addthis.com,4085191835,22,mensalista
17,149832494,Lisle Lackner,llacknerg@sohu.com,3964275102,91,horista
18,6717076119,Pablo Critchard,pcritchardh@kickstarter.com,2964836315,24,mensalista
19,7967339428,Wilfred Card,wcardi@w3.org,4726633782,91,mensalista
20,5567670419,Ulysses Bertlin,ubertlinj@ox.ac.uk,8412971022,70,mensalista
21,9511934511,Almeria Sickamore,asickamorek@parallels.com,4217247717,95,horista
22,8419873322,Susanne Lear,slearl@ustream.tv,8469967329,64,mensalista
23,9300790773,Julissa Matthews,jmatthewsm@edublogs.org,2716499127,14,mensalista
24,665898681,Benita Pock,bpockn@biglobe.ne.jp,5352940912,9,mensalista
25,5148834773,Paloma Muggeridge,pmuggeridgeo@people.com.cn,8787017748,90,horista
26,1767493134,Vasily Chillcot,vchillcotp@webeden.co.uk,8586830570,90,horista
27,1824870043,Alexandre Halloran,ahalloranq@prlog.org,6364947702,56,horista
28,9862341300,Kendell Devlin,kdevlinr@foxnews.com,5348800102,43,mensalista
29,6405072878,Elvis Gibbons,egibbonss@mysql.com,3276758331,43,horista
30,5933323888,Ivory Grayley,igrayleyt@java.com,9829446081,87,horista
31,2603128388,Letitia Evangelinos,levangelinosu@craigslist.org,5861976809,35,mensalista
32,1988571847,Burk Hellard,bhellardv@wikispaces.com,1003234617,84,mensalista
33,9565017177,Dodie Chasteau,dchasteauw@rediff.com,4278033825,40,horista
34,2675732109,Saxe Pennycord,spennycordx@stanford.edu,8757696629,90,mensalista
35,2588231454,Kimbell Yurlov,kyurlovy@squarespace.com,6031542696,20,horista
36,8786531069,Sapphire MacColm,smaccolmz@cbc.ca,8919955310,11,horista
37,8383431635,Kerri Josskoviz,kjosskoviz10@craigslist.org,4946063242,83,mensalista
38,3403606082,Merry Brownsword,mbrownsword11@wordpress.com,3205917513,42,horista
39,2368876316,Brian Friett,bfriett12@dailymotion.com,8624515324,52,mensalista
40,5598746883,Dniren Gregorace,dgregorace13@purevolume.com,4198583248,18,horista
41,8668728369,Talyah Tipens,ttipens14@tinyurl.com,9345253984,74,horista
42,3439788938,Kellie Colebrook,kcolebrook15@bluehost.com,7015786863,87,horista
43,3797378246,Dulcine McMurray,dmcmurray16@vk.com,6187469664,2,horista
44,2854365186,Sloane Stearns,sstearns17@wired.com,7396966116,85,mensalista
45,893144495,Anne-marie Thorald,athorald18@gravatar.com,4272216259,25,mensalista
46,6863835495,Cecilio Brimley,cbrimley19@seesaa.net,9958673457,14,horista
47,9620578473,Cornall Cannan,ccannan1a@wix.com,7388631268,81,mensalista
48,6109210595,Penny Priver,ppriver1b@ebay.co.uk,8749208023,79,horista
49,7641545831,Shina Shalloo,sshalloo1c@xing.com,5911776905,68,horista
50,1999904729,Judas Cribbott,jcribbott1d@jigsy.com,2158978225,4,mensalista
51,9884405298,Kipper Allerton,kallerton1e@dailymotion.com,7169891419,47,mensalista
52,622372629,Halsey Neggrini,hneggrini1f@springer.com,3014288057,9,horista
53,9262959028,Mable Nockalls,mnockalls1g@washington.edu,6836248208,72,mensalista
54,1820088596,George Yokel,gyokel1h@quantcast.com,7491846330,93,horista
55,873921186,Chloette Hughf,chughf1i@adobe.com,3057233967,25,mensalista
56,9524337118,Luciana Strangwood,lstrangwood1j@typepad.com,3533910175,95,horista
57,8424170814,Dalton Pilmore,dpilmore1k@privacy.gov.au,7968298605,84,horista
58,8543001439,Kip Dwane,kdwane1l@vinaora.com,3927882990,53,mensalista
59,121272559,Glenine Dowsett,gdowsett1m@army.mil,7494700495,60,mensalista
60,990748987,Ilka Petracek,ipetracek1n@tripadvisor.com,8152327839,13,horista
61,6745138352,Corbie Cicutto,ccicutto1o@cbslocal.com,9115451938,3,mensalista
62,66345928,Moll Windley,mwindley1p@ameblo.jp,7809826805,33,mensalista
63,7569421256,Wilt Mithan,wmithan1q@indiatimes.com,9466191249,1,horista
64,5694537351,Kristy Monget,kmonget1r@buzzfeed.com,4092222160,27,horista
65,5083776340,Murry Woodhall,mwoodhall1s@jugem.jp,1365290363,40,horista
66,5180942381,Lin Acarson,lacarson1t@redcross.org,5201745745,66,mensalista
67,4699151922,Quintus Drawmer,qdrawmer1u@sohu.com,9453999141,65,horista
68,2713514959,Bren Venable,bvenable1v@arizona.edu,1635338174,78,mensalista
69,2505016755,Fanya Malyon,fmalyon1w@de.vu,3002492828,67,mensalista
70,524848580,Evan Blunsum,eblunsum1x@reuters.com,4801007716,93,mensalista
71,9188500292,Gus Derisly,gderisly1y@booking.com,3617276981,34,mensalista
72,6435580405,Ewan Heminsley,eheminsley1z@answers.com,3016049064,42,horista
73,1394863098,Hugo Giacopini,hgiacopini20@ted.com,6577522641,99,mensalista
74,6063052844,Brandy McPeck,bmcpeck21@wordpress.com,6925667169,90,horista
75,9585504790,Diannne Ludovico,dludovico22@spotify.com,2991281527,78,mensalista
76,1286376114,Guillermo Henfre,ghenfre23@stanford.edu,5505192236,54,horista
77,9019153838,Hyacinth Bogue,hbogue24@surveymonkey.com,1132369783,75,mensalista
78,7536007906,Bucky Buff,bbuff25@reverbnation.com,3131870945,60,mensalista
79,9531871841,Stephanie Duchatel,sduchatel26@lulu.com,7923392726,78,horista
80,4636531833,Perren Divina,pdivina27@yahoo.co.jp,1017909833,88,mensalista
81,1342624629,Harli Spirritt,hspirritt28@gizmodo.com,1054516357,88,mensalista
82,2821167962,Buffy Burnup,bburnup29@toplist.cz,8961264818,36,mensalista
83,5899611014,Corliss Wyss,cwyss2a@loc.gov,2851986951,45,mensalista
84,7897132447,Leone Blowes,lblowes2b@shinystat.com,6459418179,93,horista
85,6638032216,Tressa Aujouanet,taujouanet2c@sphinn.com,7061964138,24,horista
86,9742804419,Dill Tschierse,dtschierse2d@prnewswire.com,4197008036,90,horista
87,9458897599,Leia Woan,lwoan2e@joomla.org,8677973801,2,horista
88,396333451,Joane De L'Isle,jde2f@nyu.edu,4026200533,11,mensalista
89,7140884501,Hedi Andreasen,handreasen2g@hhs.gov,1072617903,96,horista
90,8619243098,Eyde Ewells,eewells2h@homestead.com,7022235688,78,horista
91,4757040954,Guillaume Katt,gkatt2i@amazon.co.jp,8421946098,78,mensalista
92,8820846470,Minna Felder,mfelder2j@vinaora.com,9194694219,11,horista
93,6643222818,Darren Sturt,dsturt2k@constantcontact.com,1071463396,67,horista
94,1654472220,Alethea Rollett,arollett2l@columbia.edu,4469277701,47,horista
95,8441338086,Lancelot Merveille,lmerveille2m@themeforest.net,2887486191,16,mensalista
96,7170369699,Cristobal Keddie,ckeddie2n@mapquest.com,2182422018,27,horista
97,2926784597,Dougie Presidey,dpresidey2o@youtu.be,5278342721,63,mensalista
98,1942340265,Skell Tregidga,stregidga2p@cdbaby.com,6625798745,73,horista
99,7145209500,Alanah Berick,aberick2q@mlb.com,8694113104,70,horista
100,9754160465,Cari Basketter,cbasketter2r@go.com,2355963742,24,horista
101,774840854,Alfie Arnli,aarnli2s@yandex.ru,4081492661,34,horista
102,2423105789,Davina Jakobsson,djakobsson2t@samsung.com,7955620063,74,horista
103,4982599394,Dynah Mackinder,dmackinder2u@oaic.gov.au,4629231667,63,mensalista
104,3673171305,Osbourne Clinnick,oclinnick2v@boston.com,8257674663,56,horista
105,4262383873,Odette Brownsword,obrownsword2w@harvard.edu,3771946593,75,mensalista
106,5054040269,Delmer Brydell,dbrydell2x@biglobe.ne.jp,9733056262,80,horista
107,4468551011,Bryce Temlett,btemlett2y@mediafire.com,2673018812,11,horista
108,2410679765,Zahara Tallach,ztallach2z@illinois.edu,7605175246,59,horista
109,343878364,Robinson Faraday,rfaraday30@studiopress.com,1578562222,13,mensalista
110,6027388242,Sandy Drover,sdrover31@wisc.edu,2421004471,65,mensalista
111,2602255726,Hubert Ruddle,hruddle32@about.com,4608804400,94,horista
112,7603473543,Roshelle Craigmile,rcraigmile33@ustream.tv,9313115019,75,mensalista
113,9482276027,Abigael Corless,acorless34@elpais.com,2682845353,24,horista
114,2826744046,Lonee Rodenborch,lrodenborch35@apple.com,4579803985,96,horista
115,509542832,Uriel Hansemann,uhansemann36@jugem.jp,9814170711,97,mensalista
116,3156594539,Waite Ateridge,wateridge37@hc360.com,1253119836,99,mensalista
117,7763166282,Janina Harbisher,jharbisher38@csmonitor.com,6643462719,31,mensalista
118,154347213,Salvidor De la Yglesia,sde39@dell.com,4199189647,36,mensalista
119,5868195620,Stafani Bigadike,sbigadike3a@furl.net,7078285548,89,mensalista
120,3921558271,Concettina Blasoni,cblasoni3b@squarespace.com,6416075675,11,mensalista
121,1173298851,Talyah Heater,theater3c@nhs.uk,4021155605,85,mensalista
122,4898042163,Janna Schulze,jschulze3d@sourceforge.net,5755609732,24,horista
123,2683408277,Ricardo Girdlestone,rgirdlestone3e@plala.or.jp,4691694464,38,mensalista
124,9161198986,Marja Kennelly,mkennelly3f@zimbio.com,7109310002,48,mensalista
125,6174874370,Sayre Bilsborrow,sbilsborrow3g@clickbank.net,3541185444,39,mensalista
126,6719534424,Hastie McGawn,hmcgawn3h@bizjournals.com,9323175718,87,mensalista
127,4517691489,Reyna Dacre,rdacre3i@cocolog-nifty.com,3789260133,87,horista
128,1952770297,Eada Coppenhall,ecoppenhall3j@microsoft.com,2704363752,71,mensalista
129,264756118,Nicola Pearch,npearch3k@usatoday.com,6622155442,30,mensalista
130,9914584500,Maryjane Bibey,mbibey3l@twitpic.com,6161075725,23,mensalista
131,8016358411,Leanora Fallon,lfallon3m@mail.ru,5795946881,20,mensalista
132,1641851589,Gil Beckwith,gbeckwith3n@reuters.com,7951638310,70,mensalista
133,9196691808,Charo Paddell,cpaddell3o@google.co.uk,5809925352,42,mensalista
134,7984612994,Elvera Barnaclough,ebarnaclough3p@mapy.cz,2056575071,3,horista
135,3791768646,Briana Tasch,btasch3q@sogou.com,4641145608,1,mensalista
136,8420484547,Linn Ferrieroi,lferrieroi3r@who.int,9054727304,92,horista
137,4854403578,Doti Carlton,dcarlton3s@123-reg.co.uk,2738134424,88,mensalista
138,3030917983,Rickie Moles,rmoles3t@odnoklassniki.ru,7358029281,98,mensalista
139,2066799890,Clarita Cauthra,ccauthra3u@mit.edu,8552619486,55,mensalista
140,8159423667,Bobina Bartolomeo,bbartolomeo3v@jugem.jp,3966734001,28,mensalista
141,5327581497,Gigi Bocock,gbocock3w@yelp.com,3655123637,55,mensalista
142,7876922066,Emlynne Braime,ebraime3x@dyndns.org,2275019556,35,mensalista
143,9111051728,Rollie Blune,rblune3y@globo.com,3941307574,68,mensalista
144,1393767311,Carleton D'Ruel,cdruel3z@gravatar.com,9932878088,61,horista
145,3125181011,Milty Giacopello,mgiacopello40@apple.com,4787262705,63,mensalista
146,1137463260,Lainey Furneaux,lfurneaux41@wikispaces.com,7599861759,91,horista
147,452428548,Gui Toy,gtoy42@aol.com,4768200637,25,horista
148,9574261913,Mikol Snartt,msnartt43@shop-pro.jp,2558928213,14,mensalista
149,6171189359,Olin Taft,otaft44@fema.gov,5843166641,38,horista
150,6650554472,Rickey Fronzek,rfronzek45@uiuc.edu,8562966972,20,mensalista
151,9808226388,Kamilah Iskowicz,kiskowicz46@i2i.jp,5119958160,36,mensalista
152,9696439865,Cassaundra Sustin,csustin47@paypal.com,7163147127,30,horista
153,83611223,Timmy Malloy,tmalloy48@ucla.edu,4646100890,6,mensalista
154,4164510536,Audrey Lytle,alytle49@redcross.org,8343325568,44,mensalista
155,6539338740,Eb Virr,evirr4a@bbc.co.uk,2304847590,97,mensalista
156,778984206,Pauli Yearne,pyearne4b@furl.net,4607992349,34,mensalista
157,1852482125,Meagan Losano,mlosano4c@reverbnation.com,8612200931,70,horista
158,3494204047,Dickie Jeffers,djeffers4d@japanpost.jp,4944995735,59,mensalista
159,2908901161,Pepito Elcomb,pelcomb4e@bizjournals.com,2101565007,7,mensalista
160,3840774616,Sonny Borless,sborless4f@ow.ly,2942932951,19,mensalista
161,6067590913,Persis Nelius,pnelius4g@mashable.com,6522358572,9,mensalista
162,6769923300,Margie Tilliard,mtilliard4h@webmd.com,8702535686,61,horista
163,3281222056,Phillipe Guess,pguess4i@chronoengine.com,7953734745,23,horista
164,3390901981,Gabey Janicijevic,gjanicijevic4j@pagesperso-orange.fr,4673256444,88,mensalista
165,1801231125,Winifred Rackstraw,wrackstraw4k@bbb.org,4521648247,3,horista
166,5953712480,Haskell Giottoi,hgiottoi4l@paginegialle.it,3896345952,47,mensalista
167,1349481394,Malory Sammes,msammes4m@shareasale.com,5852195041,6,horista
168,6605140761,Gratia Tunnicliffe,gtunnicliffe4n@123-reg.co.uk,3314769849,2,mensalista
169,7792362361,Meggie Comsty,mcomsty4o@microsoft.com,4374780693,62,mensalista
170,2573999998,Carlyle Le Brum,cle4p@google.fr,1293046887,4,mensalista
171,4633051814,Myra Blown,mblown4q@amazon.co.jp,9392014705,1,mensalista
172,8710286837,Cordie Hucker,chucker4r@cafepress.com,3376626728,25,mensalista
173,1069591653,Lek Josefovic,ljosefovic4s@yellowpages.com,3044216491,76,horista
174,2916328475,Morgana Enderwick,menderwick4t@aboutads.info,2697674913,35,mensalista
175,2522756257,Raleigh Bulger,rbulger4u@imgur.com,5232104149,5,horista
176,6601634972,Shurlocke Nilges,snilges4v@scribd.com,7777689219,40,horista
177,7575286039,Nicola Keelan,nkeelan4w@vimeo.com,2076044635,49,mensalista
178,4113389543,Beverlee Derges,bderges4x@youtu.be,5878481586,72,mensalista
179,8730465249,Doretta Enns,denns4y@ebay.com,9591540002,30,mensalista
180,3225595500,Katya Tremeer,ktremeer4z@who.int,9414865471,72,horista
181,5149900079,Tildie Dello,tdello50@washington.edu,8688476150,73,horista
182,5778049358,Archambault Chung,achung51@liveinternet.ru,4123616671,22,horista
183,2163315177,Agretha Johantges,ajohantges52@yellowbook.com,5544552765,6,mensalista
184,1435376099,Rosene Joselin,rjoselin53@google.cn,2565623558,27,mensalista
185,4472606216,Gauthier Muldrew,gmuldrew54@harvard.edu,4802186502,30,horista
186,5550409143,Rena Proschke,rproschke55@bloomberg.com,5934843491,84,mensalista
187,3705964240,Rooney Nicely,rnicely56@cocolog-nifty.com,8239766995,48,mensalista
188,7876761003,Drugi Bredee,dbredee57@linkedin.com,2027043768,79,horista
189,5590779243,Trude Whitworth,twhitworth58@senate.gov,7232656108,33,horista
190,5760423576,Mickey Pascow,mpascow59@amazonaws.com,8153589788,90,mensalista
191,3578657824,Edsel Overthrow,eoverthrow5a@prnewswire.com,9292076994,39,mensalista
192,1019989718,Alvera Chomicki,achomicki5b@mozilla.com,2911848036,34,horista
193,9173046809,Adi Bromehead,abromehead5c@youku.com,2426163838,80,horista
194,2964308241,Ian Alvarado,ialvarado5d@tmall.com,7198687905,1,horista
195,4008231307,Doralynne Sauvage,dsauvage5e@unc.edu,5171233814,51,horista
196,9670917298,Christiane Lansdown,clansdown5f@dot.gov,3936039548,4,horista
197,9435581218,Marcie McGiffie,mmcgiffie5g@technorati.com,7305096262,9,horista
198,5932228091,Glenn McCurt,gmccurt5h@ovh.net,7401368884,93,horista
199,3351764987,Ives MacAulay,imacaulay5i@i2i.jp,6305004152,26,horista
200,3970751918,Ambrose Amphlett,aamphlett5j@shop-pro.jp,9245810177,93,mensalista
201,5928145128,Fee Pritchett,fpritchett5k@huffingtonpost.com,4505366867,7,horista
202,7235712503,Malinda Peiser,mpeiser5l@discuz.net,7907539809,48,mensalista
203,6542740139,Amye Scrancher,ascrancher5m@psu.edu,1009051943,84,mensalista
204,8666104856,Kalie Grisenthwaite,kgrisenthwaite5n@e-recht24.de,5263370045,87,horista
205,1903728312,Danette Cudbird,dcudbird5o@hatena.ne.jp,3721038359,22,horista
206,6540347103,Kingsley Martelet,kmartelet5p@domainmarket.com,2787535132,68,mensalista
207,5525925303,Dickie Dust,ddust5q@yandex.ru,7732261995,91,horista
208,3867218420,Aveline Mowbury,amowbury5r@uol.com.br,9458128705,63,mensalista
209,6973358403,Borg Newdick,bnewdick5s@opera.com,4304880882,40,mensalista
210,514320826,Aaron Avieson,aavieson5t@prlog.org,4159602007,48,mensalista
211,3512128386,Wendye Bilt,wbilt5u@360.cn,4948693248,95,mensalista
212,6239028657,Erl Sollner,esollner5v@bizjournals.com,6526059727,56,mensalista
213,2828942023,Mellisa Windross,mwindross5w@51.la,6882362179,68,mensalista
214,7030516036,Katti Ludlom,kludlom5x@yellowpages.com,3897603734,13,mensalista
215,4044867410,Elinor Meatcher,emeatcher5y@reuters.com,6249565624,11,mensalista
216,5498597827,Ellynn Purselowe,epurselowe5z@issuu.com,5712966870,3,horista
217,8639391351,Emelita Pick,epick60@4shared.com,3866691763,79,mensalista
218,3392830968,Justis Horstead,jhorstead61@timesonline.co.uk,6408824800,16,mensalista
219,6765651144,Trumaine Prettyjohns,tprettyjohns62@springer.com,9387803874,31,mensalista
220,4671883260,Brigg Lorente,blorente63@pbs.org,9554653114,70,horista
221,6488651234,Jonathon Itzcak,jitzcak64@goodreads.com,9155429364,37,horista
222,8945020306,Arte Dunton,adunton65@sourceforge.net,3518811133,49,horista
223,9748278905,Colver Leverentz,cleverentz66@mozilla.org,4398447800,28,mensalista
224,4096371653,Boot Widmoor,bwidmoor67@yale.edu,4699597683,40,horista
225,3047434522,Dasya Ahearne,dahearne68@icio.us,5926620025,12,mensalista
226,2998278590,Ruthann Slopier,rslopier69@utexas.edu,1974196840,4,horista
227,938683098,Gerty Metzig,gmetzig6a@nsw.gov.au,3149024999,95,horista
228,499457552,Vallie Sillars,vsillars6b@state.gov,9342123220,90,horista
229,6999531498,Ciro Barensen,cbarensen6c@oracle.com,2458479107,20,mensalista
230,2630362264,Denny Lukasen,dlukasen6d@java.com,1813770070,88,mensalista
231,4266984588,Felice Tukely,ftukely6e@bloomberg.com,5689693722,4,mensalista
232,2218684918,Theodora Croney,tcroney6f@ifeng.com,9905229014,46,horista
233,5680338823,Pryce Rusk,prusk6g@independent.co.uk,9982987808,77,mensalista
234,9088887683,Thorsten Hazael,thazael6h@washington.edu,6025263877,48,horista
235,2030186694,Wayland Pittendreigh,wpittendreigh6i@cnet.com,3275280307,30,horista
236,1294471937,Asher Cullinan,acullinan6j@newsvine.com,3026487908,57,horista
237,6596660540,Hans Lewsley,hlewsley6k@trellian.com,3785121999,67,mensalista
238,9656739698,Licha Mercy,lmercy6l@usatoday.com,4802976594,96,mensalista
239,5198206105,Burnard Zorer,bzorer6m@goo.gl,2628340650,20,horista
240,2730519866,Jennica Egan,jegan6n@hexun.com,8102786590,27,mensalista
241,7738448342,Max Spriddle,mspriddle6o@oracle.com,6414835808,23,horista
242,4535644985,Haily Asee,hasee6p@trellian.com,6074303745,37,horista
243,8173513031,Tiphani Gimblet,tgimblet6q@elpais.com,2159592258,25,horista
244,5386721739,Helene Mulkerrins,hmulkerrins6r@vkontakte.ru,7279633329,66,mensalista
245,137583036,Tillie Andrasch,tandrasch6s@behance.net,1066678705,17,horista
246,879177918,Jeanette Bolin,jbolin6t@comsenz.com,5878851427,73,mensalista
247,6250421602,Ernie Iacovielli,eiacovielli6u@cargocollective.com,4284639249,60,horista
248,3826448987,Dorry Lease,dlease6v@bing.com,1984296128,8,mensalista
249,4262113337,Mollie Wasiela,mwasiela6w@nature.com,2827790558,35,horista
250,9329148212,Shannon Henkens,shenkens6x@ustream.tv,2542575779,33,mensalista
251,8737719459,Charin Phettis,cphettis6y@admin.ch,4567890881,30,horista
252,532688147,Peyter Surr,psurr6z@blinklist.com,1069010472,89,mensalista
253,600565025,Carla O'Skehan,coskehan70@google.de,6297732226,20,horista
254,9257681505,Neville Fance,nfance71@tiny.cc,5359276802,36,mensalista
255,1174409223,Verna Tallant,vtallant72@theglobeandmail.com,7836966774,28,mensalista
256,2575328551,Cindi Allcott,callcott73@geocities.com,3732423498,28,horista
257,9932917648,Shannah Backhurst,sbackhurst74@intel.com,1954391322,16,mensalista
258,1040247849,Chrystel Hughson,chughson75@state.gov,9494529623,31,horista
259,2379656584,Bryon Dows,bdows76@latimes.com,2529788309,27,mensalista
260,15580172,Mildrid McKenny,mmckenny77@engadget.com,4697426758,64,mensalista
261,1366877152,Ericka Cardinal,ecardinal78@hugedomains.com,1517141967,58,mensalista
262,7313539258,Erin Wallbridge,ewallbridge79@behance.net,7494064767,37,mensalista
263,565270575,Terese Bullon,tbullon7a@discovery.com,6258287641,7,horista
264,2406801519,Bartolomeo Knappen,bknappen7b@forbes.com,8577271827,92,mensalista
265,9102924196,Lindie Biggadyke,lbiggadyke7c@wordpress.org,4007245843,53,horista
266,3975210567,Shara McArthur,smcarthur7d@tinyurl.com,5714268841,13,mensalista
267,2768677418,Sascha Benaine,sbenaine7e@kickstarter.com,3293876599,40,mensalista
268,6612119470,Jeremiah Shropsheir,jshropsheir7f@ft.com,3209249307,78,mensalista
269,874409853,Jennilee Poulsum,jpoulsum7g@opera.com,8833231690,19,mensalista
270,8445053965,Bear Sawley,bsawley7h@jugem.jp,4281681594,96,mensalista
271,8956113548,Pet Strank,pstrank7i@barnesandnoble.com,9744505109,85,mensalista
272,8743812058,Bartram Strangwood,bstrangwood7j@amazon.co.jp,2355739534,21,horista
273,4776788241,Bond Cave,bcave7k@google.com.br,4181944569,84,mensalista
274,9023839900,Brew Lambregts,blambregts7l@chicagotribune.com,2593955472,78,mensalista
275,2935264649,Wylma Beaford,wbeaford7m@is.gd,3569858937,19,mensalista
276,6266112051,Barris Addicote,baddicote7n@nhs.uk,1382288734,69,horista
277,8049332551,Brigit Jaskiewicz,bjaskiewicz7o@noaa.gov,1351217022,58,mensalista
278,637203925,Man Castelluzzi,mcastelluzzi7p@time.com,3624504844,95,horista
279,3246182264,Alma Lettuce,alettuce7q@hc360.com,3527619741,88,horista
280,5257728338,Dugald Warbys,dwarbys7r@tinyurl.com,2744024643,85,horista
281,8754192153,Demetris Debell,ddebell7s@nih.gov,9479454331,57,mensalista
282,8023998188,Susanetta Pole,spole7t@ifeng.com,6876411310,55,mensalista
283,8634556115,Marve Neward,mneward7u@bravesites.com,9933684005,87,horista
284,9207603527,Candra Hanstock,chanstock7v@dedecms.com,2489760241,87,horista
285,2492842444,Doy Newbury,dnewbury7w@dmoz.org,5169290560,10,horista
286,7012879548,Dana Corbishley,dcorbishley7x@homestead.com,6348681279,88,horista
287,8154084368,Ray Muscat,rmuscat7y@arizona.edu,2227700309,20,horista
288,9391269141,Nicolai Mills,nmills7z@vimeo.com,9512581846,70,horista
289,810562235,Arvie Whitcomb,awhitcomb80@123-reg.co.uk,9153967616,2,horista
290,7214338777,Eli Kinastan,ekinastan81@mozilla.com,6184586292,11,horista
291,1445739097,Rustie Nial,rnial82@plala.or.jp,9941817899,52,horista
292,8034415839,Chere Finding,cfinding83@reddit.com,1291783510,1,mensalista
293,4729816021,Darrick Skittle,dskittle84@biglobe.ne.jp,7109398950,12,horista
294,5156593666,Karena Doe,kdoe85@woothemes.com,6883765538,52,mensalista
295,831460598,Pace Aleksic,paleksic86@vinaora.com,4744637710,14,mensalista
296,8711692626,Madelon Antonomoli,mantonomoli87@sciencedaily.com,6235964549,41,horista
297,8881345609,Ryan Hadigate,rhadigate88@bizjournals.com,3879104955,14,mensalista
298,659998165,Vinita Krystof,vkrystof89@phpbb.com,1635989642,44,mensalista
299,2654652521,Licha Pointon,lpointon8a@scribd.com,2191154727,33,horista
300,7089543331,Adolf McComas,amccomas8b@desdev.cn,3985985241,89,mensalista
301,1945680113,Reina Ablott,rablott8c@nsw.gov.au,7054213801,38,horista
302,4422179187,Davon Bumford,dbumford8d@adobe.com,4446839405,28,mensalista
303,9539207886,Judith Giacometti,jgiacometti8e@ow.ly,6697682493,35,mensalista
304,7271584803,Korrie MacAnellye,kmacanellye8f@ucsd.edu,2685269261,55,mensalista
305,8275241650,Melitta Bes,mbes8g@about.me,1027206890,40,mensalista
306,9479727420,Edyth di Rocca,edi8h@tuttocitta.it,4862932358,13,mensalista
307,2939036004,Devy Esseby,desseby8i@disqus.com,4126724609,46,mensalista
308,712927166,Anastasie Marty,amarty8j@pinterest.com,1588235065,89,horista
309,1095933221,Jillana Ismay,jismay8k@4shared.com,1563056868,40,mensalista
310,2983174352,Christiano Pickover,cpickover8l@samsung.com,4174206592,43,mensalista
311,7629405014,Phillida Copsey,pcopsey8m@youtu.be,3003233913,87,mensalista
312,7286379429,Thornton Fockes,tfockes8n@bloglovin.com,3866118009,50,mensalista
313,6222872255,Trix Thurman,tthurman8o@redcross.org,9299536576,8,mensalista
314,7228844475,Mill Jobe,mjobe8p@dyndns.org,5226114861,15,horista
315,6832217463,Dorey Leveret,dleveret8q@vk.com,7176857295,20,mensalista
316,550264388,Dorolice Martel,dmartel8r@1688.com,2813919181,36,mensalista
317,5717992491,Cynthea Forte,cforte8s@omniture.com,9803812675,51,horista
318,8836945880,Lulu Nana,lnana8t@github.io,5849183192,51,mensalista
319,911282041,Stevie Rye,srye8u@bizjournals.com,8169524882,14,mensalista
320,1251362273,Esmeralda Sommerling,esommerling8v@goo.gl,2556833208,43,mensalista
321,6015388811,Georgina Gasken,ggasken8w@tripod.com,8596733897,44,mensalista
322,1648755917,Hill Froude,hfroude8x@eventbrite.com,4837280014,45,mensalista
323,1465414541,Debora Bernath,dbernath8y@jugem.jp,5489986898,86,horista
324,6244182782,Yasmeen Hartas,yhartas8z@cisco.com,5945721252,13,mensalista
325,9974136474,Pris Wilstead,pwilstead90@google.fr,4125629198,100,mensalista
326,4438164605,Eziechiele Pitcock,epitcock91@opera.com,9846049187,36,mensalista
327,6979463802,Tom McDonald,tmcdonald92@dyndns.org,6226357352,81,mensalista
328,7270641307,Violante Jaszczak,vjaszczak93@adobe.com,9228011845,45,horista
329,8103685739,Olva Duffie,oduffie94@ucoz.com,4452383032,11,mensalista
330,760376433,Mathew McKinn,mmckinn95@biglobe.ne.jp,7295909563,11,mensalista
331,575382627,Em Rosettini,erosettini96@techcrunch.com,7234595148,47,mensalista
332,1873740131,Vincenty Waye,vwaye97@g.co,4428499608,47,horista
333,2948239885,Inesita Hannent,ihannent98@delicious.com,8765784383,84,mensalista
334,9344225710,Amos Alliker,aalliker99@admin.ch,8467186096,87,horista
335,6971080122,Jeanelle Leinweber,jleinweber9a@cocolog-nifty.com,9169389482,21,horista
336,7796714238,Clementius Coultass,ccoultass9b@ifeng.com,8833099321,42,mensalista
337,2498470506,Archaimbaud Coulston,acoulston9c@amazon.de,4069374424,55,horista
338,2648204512,Terrye Pitfield,tpitfield9d@economist.com,4854289979,59,mensalista
339,7548065345,Kirbie Pogosian,kpogosian9e@i2i.jp,1891467616,55,horista
340,1129479900,Bea Wyllcock,bwyllcock9f@psu.edu,1914743553,36,mensalista
341,6307966785,Luz Afonso,lafonso9g@theguardian.com,7532806818,26,horista
342,2235901026,Harriette Bly,hbly9h@census.gov,8915170502,86,horista
343,7756845455,Etti Snead,esnead9i@cornell.edu,4227104136,85,mensalista
344,9080356247,Ronnica Udden,rudden9j@blogspot.com,8893607261,69,mensalista
345,8049928705,Flinn Wapplington,fwapplington9k@auda.org.au,4632340712,55,horista
346,2219650197,Sissie Craxford,scraxford9l@intel.com,6981672403,81,horista
347,1960481363,Pierce Watkinson,pwatkinson9m@histats.com,3959784829,34,horista
348,1901634663,Josepha Cancellario,jcancellario9n@blogs.com,6408663060,68,horista
349,7554146130,Jethro Lanchbury,jlanchbury9o@miitbeian.gov.cn,8681038886,24,mensalista
350,8814322872,Guillema Couling,gcouling9p@alibaba.com,9447048872,93,mensalista
351,7671075442,Cristina Benard,cbenard9q@prweb.com,2069492178,99,mensalista
352,9546171433,Kristal Autin,kautin9r@pinterest.com,9254943457,81,horista
353,8313626941,Angelica Andras,aandras9s@drupal.org,8237031024,41,mensalista
354,7283802657,Kliment Ough,kough9t@dagondesign.com,2492955554,85,horista
355,7055938295,Pamella Pluck,ppluck9u@jalbum.net,5022200269,54,horista
356,4728689026,Finley Lyfe,flyfe9v@webnode.com,5864038201,47,mensalista
357,5716788254,Leanor Pimlott,lpimlott9w@tmall.com,2206854001,62,mensalista
358,5405584851,Mathe Winchcum,mwinchcum9x@4shared.com,3612290011,67,mensalista
359,3406920527,Graeme Lippard,glippard9y@nba.com,2909984023,50,mensalista
360,2469385407,Doroteya Telford,dtelford9z@msu.edu,5869101305,88,horista
361,4822278409,Maxine Castagneto,mcastagnetoa0@free.fr,9858297565,28,mensalista
362,7388047042,Gabie Benfield,gbenfielda1@seattletimes.com,6876934661,72,mensalista
363,3306327182,Ange Tattersfield,atattersfielda2@cmu.edu,5477803133,86,mensalista
364,3193108065,Ingeborg Kolinsky,ikolinskya3@ft.com,4298037098,64,mensalista
365,436175029,Allan Heinsius,aheinsiusa4@youku.com,1709441661,72,horista
366,6430151506,Cathee Brownhill,cbrownhilla5@reuters.com,2339439256,59,mensalista
367,1260397157,Heddi Decker,hdeckera6@eepurl.com,3244411741,80,horista
368,3756916529,Tillie Tine,ttinea7@wsj.com,7267818278,62,horista
369,2401905553,Brian Winthrop,bwinthropa8@nationalgeographic.com,8286540320,89,mensalista
370,865579954,Leticia Petricek,lpetriceka9@ca.gov,7009818771,69,horista
371,8409184761,Ediva Lightowler,elightowleraa@amazonaws.com,5052403140,15,mensalista
372,1907600531,Humfrey Fiske,hfiskeab@patch.com,1909396340,76,mensalista
373,9402708367,Sonia Ivanikhin,sivanikhinac@answers.com,7667362150,2,mensalista
374,6188945585,Celene Setch,csetchad@independent.co.uk,2757845416,30,mensalista
375,9330637914,Harlie Claydon,hclaydonae@statcounter.com,6704731547,30,horista
376,3369147491,Beitris Degue,bdegueaf@who.int,7868541432,88,horista
377,808223968,Emile Self,eselfag@free.fr,3699285168,19,mensalista
378,8365751240,Ignazio Peet,ipeetah@phoca.cz,5728977371,95,horista
379,7493848483,Antons Clamp,aclampai@who.int,3959249250,28,horista
380,3981311140,Rosco Daldry,rdaldryaj@ebay.com,3513149307,62,mensalista
381,2067204270,Ernaline Dobbinson,edobbinsonak@ucsd.edu,8978273414,6,horista
382,3627359100,Raina Klousner,rklousneral@wufoo.com,2481133141,20,mensalista
383,7394236048,Colby Perllman,cperllmanam@umn.edu,9305535453,45,horista
384,482039108,Salvidor Lillgard,slillgardan@google.nl,1039776000,67,horista
385,9383482079,Julissa Strangward,jstrangwardao@marketwatch.com,2862240112,55,mensalista
386,602004012,Katheryn Hackley,khackleyap@independent.co.uk,7325473158,83,horista
387,6742349115,Elwyn Cardenosa,ecardenosaaq@google.com,9793345979,74,horista
388,3101324548,Davis Terzi,dterziar@alibaba.com,7809665414,6,horista
389,2917673427,Wynn Imort,wimortas@google.co.uk,7039211228,96,mensalista
390,9938741800,Shelby Bowdler,sbowdlerat@twitter.com,2725624223,51,mensalista
391,7226967081,Stanwood Picopp,spicoppau@kickstarter.com,2858322190,31,mensalista
392,3104855307,Mohammed O' Faherty,moav@cisco.com,5386052279,97,horista
393,5589671698,Fayth Durston,fdurstonaw@lycos.com,2967133431,40,mensalista
394,6435145962,Harmony Vaudin,hvaudinax@opensource.org,3151776502,71,horista
395,7742587092,Annaliese Orniz,aornizay@sun.com,6902899333,42,horista
396,6537082285,Siegfried Matuszyk,smatuszykaz@noaa.gov,7102052739,53,horista
397,5853339206,Lonnie Pullin,lpullinb0@aboutads.info,3884300995,99,mensalista
398,1451812612,Bruno Scyner,bscynerb1@vinaora.com,1375257268,8,mensalista
399,303613319,Dorette Hylden,dhyldenb2@tiny.cc,7991219261,42,horista
400,4007197202,Holmes Bail,hbailb3@guardian.co.uk,7397431192,7,horista
401,3669428607,Thebault MacCroary,tmaccroaryb4@sina.com.cn,5752374348,58,mensalista
402,8278928908,Noll Scoterbosh,nscoterboshb5@vk.com,3874853545,24,horista
403,863893473,Susanna Clausen-Thue,sclausenthueb6@comcast.net,9042824157,23,mensalista
404,2081906201,Bartlet Fassam,bfassamb7@nps.gov,3171519466,28,horista
405,4801811345,Genna Girardey,ggirardeyb8@moonfruit.com,1348904231,66,mensalista
406,8350874414,Marshall Pengilley,mpengilleyb9@pagesperso-orange.fr,5951507769,49,mensalista
407,4510353383,Erma Kenningham,ekenninghamba@symantec.com,6985528435,65,horista
408,2162703742,Christoper Villiers,cvilliersbb@printfriendly.com,6564037258,45,horista
409,7247474521,Ediva Tinker,etinkerbc@histats.com,6275527914,14,horista
410,9793841583,Roseline Chawkley,rchawkleybd@nbcnews.com,4528261034,96,horista
411,9412570775,Hermine Sandom,hsandombe@list-manage.com,9197423839,72,horista
412,3026000019,Barrie McVittie,bmcvittiebf@tripod.com,1835410645,77,mensalista
413,8188156051,Elnora Westcot,ewestcotbg@tripod.com,9728475439,39,horista
414,3417562791,Efrem Blissett,eblissettbh@deliciousdays.com,9427176867,51,horista
415,2267453819,Donnajean Gatchel,dgatchelbi@angelfire.com,9452027211,76,mensalista
416,4231812497,Mannie Ormerod,mormerodbj@statcounter.com,8013796403,98,mensalista
417,9035280547,Piggy Palfreman,ppalfremanbk@hao123.com,9442779220,42,horista
418,6740566305,Waite Cratchley,wcratchleybl@washington.edu,5959230665,30,horista
419,2099563896,Charity Larway,clarwaybm@dyndns.org,7661672049,67,horista
420,848258002,Vera Bjorkan,vbjorkanbn@google.com.au,5945111920,19,horista
421,4426840422,Roman Dwire,rdwirebo@slashdot.org,4518069753,24,mensalista
422,20353979,Francine Gyse,fgysebp@blogspot.com,1884215624,64,mensalista
423,9604959034,Gan Paskerful,gpaskerfulbq@webnode.com,3619623283,45,horista
424,1396294481,Kynthia Jovicevic,kjovicevicbr@amazonaws.com,6551537087,91,mensalista
425,4069509208,Prisca Grimster,pgrimsterbs@cisco.com,7399538201,19,horista
426,7597284446,Earvin Phillipps,ephillippsbt@comcast.net,1836427246,33,mensalista
427,6162024539,Alphonse Trenouth,atrenouthbu@google.es,1275718297,75,horista
428,9967086173,Letisha McKleod,lmckleodbv@chronoengine.com,9389671221,88,mensalista
429,2854959590,Brianna Leggat,bleggatbw@japanpost.jp,8186267508,21,horista
430,201140357,Scott Nestor,snestorbx@patch.com,7237519469,73,mensalista
431,9074338860,Alvinia Ashbee,aashbeeby@salon.com,4364182327,86,horista
432,9230578665,Shayla Chazelle,schazellebz@latimes.com,3535226577,36,mensalista
433,4943797024,Currie Bamford,cbamfordc0@uol.com.br,8061262867,40,horista
434,3961513783,Cherise Tomanek,ctomanekc1@mediafire.com,7216388527,84,horista
435,8722890041,Arvie Matts,amattsc2@phpbb.com,3008967110,62,horista
436,6838445271,Alice Leonards,aleonardsc3@bandcamp.com,5373610678,92,horista
437,6922887417,Mandi Jeafferson,mjeaffersonc4@cbsnews.com,2636065584,4,horista
438,4656624985,Arron Johananoff,ajohananoffc5@netlog.com,9408387533,28,mensalista
439,6850058126,Yvette Hudson,yhudsonc6@msu.edu,7352047825,61,horista
440,2574952375,Hanan Heine,hheinec7@prweb.com,5772837384,98,horista
441,8165557998,Kass Demaine,kdemainec8@marriott.com,4709900822,6,mensalista
442,7599027475,Skylar Dominicacci,sdominicaccic9@merriam-webster.com,6039439972,24,mensalista
443,8641231625,Lazare Berkely,lberkelyca@godaddy.com,9085139173,26,mensalista
444,4025084880,Nickie Taree,ntareecb@amazon.co.uk,3794800825,100,horista
445,9546970298,Moshe Gori,mgoricc@live.com,2123549933,45,mensalista
446,4456371072,Johnathan Earthfield,jearthfieldcd@tiny.cc,6092731948,77,horista
447,657915327,Renata Pedrielli,rpedriellice@jimdo.com,2804089443,37,mensalista
448,8019552936,Neila Errol,nerrolcf@google.fr,3787780634,72,mensalista
449,6318600698,Hayley Howsin,hhowsincg@nsw.gov.au,3742822841,75,mensalista
450,6066809385,Trumaine Giottini,tgiottinich@xinhuanet.com,3989124106,61,horista
451,855853166,Johannes Tulleth,jtullethci@who.int,5386773256,79,mensalista
452,6163898419,Ara Trewhella,atrewhellacj@sun.com,2353986396,20,horista
453,1661953158,Alvie Whittington,awhittingtonck@google.pl,3083532476,78,horista
454,9657121957,Jilleen Scrinage,jscrinagecl@booking.com,7506495047,31,mensalista
455,1014458730,Thaddus ducarme,tducarmecm@imageshack.us,6285671700,38,horista
456,8004621368,Jacklin Girardengo,jgirardengocn@shop-pro.jp,4754093208,14,mensalista
457,3152187602,Filmore Kestian,fkestianco@nifty.com,4762879725,53,mensalista
458,9416991716,Paul Espadater,pespadatercp@symantec.com,8112372438,81,mensalista
459,4743204615,Wolfie Kuhnel,wkuhnelcq@hibu.com,3362239832,46,horista
460,1337261254,Leeanne Giampietro,lgiampietrocr@comsenz.com,7266084703,14,horista
461,2621345476,Gilbert Fritzer,gfritzercs@hostgator.com,2252820840,68,mensalista
462,8764088367,Giusto Tuffield,gtuffieldct@home.pl,8087024580,45,horista
463,6917708054,Sunny Ibotson,sibotsoncu@columbia.edu,3951578364,48,mensalista
464,9676955280,Devonna Fairebrother,dfairebrothercv@china.com.cn,6887148509,67,mensalista
465,3882007893,Olenolin Tales,otalescw@oakley.com,7841369091,43,horista
466,6099169962,Chauncey Gibbs,cgibbscx@state.tx.us,9968982173,14,horista
467,623320576,Nina Goch,ngochcy@livejournal.com,1167036245,70,horista
468,174864299,Sasha Randall,srandallcz@toplist.cz,5311534012,30,mensalista
469,3971159230,Hugibert Wreakes,hwreakesd0@xing.com,1887805108,36,horista
470,9753695667,Elane Kernar,ekernard1@taobao.com,8656738668,37,horista
471,2288091568,Hilliard Hinstridge,hhinstridged2@cocolog-nifty.com,8573300789,4,mensalista
472,7250490710,Aldric Keal,akeald3@spiegel.de,3406498471,86,horista
473,3156208264,Pasquale Grancher,pgrancherd4@umn.edu,1431599665,69,horista
474,4312053960,Alaine MacNeish,amacneishd5@dropbox.com,1792500103,60,horista
475,5832737520,Lexie Fryd,lfrydd6@nytimes.com,2446864613,49,mensalista
476,3103476310,Elizabet Muston,emustond7@ezinearticles.com,3074113758,8,horista
477,6700839017,Connie Samweyes,csamweyesd8@wordpress.org,6878740426,32,mensalista
478,8897688497,Lorelei Steffan,lsteffand9@uol.com.br,6774314494,41,horista
479,1254159169,Ariel Toffoloni,atoffolonida@people.com.cn,7126058525,71,mensalista
480,4890088520,Ilsa Whorton,iwhortondb@mashable.com,7608681059,63,mensalista
481,8828356790,Theresita Arghent,targhentdc@deliciousdays.com,2702472430,86,mensalista
482,6264705047,Packston Stubbs,pstubbsdd@flickr.com,4312581882,51,horista
483,9683265146,Nicholle Gainsboro,ngainsborode@cornell.edu,6754763129,77,horista
484,7248918474,Sella Laurenty,slaurentydf@epa.gov,7468585362,53,horista
485,7018199298,Anne-corinne Giovannazzi,agiovannazzidg@e-recht24.de,3616854863,58,mensalista
486,5201390420,Marcy Teal,mtealdh@t-online.de,3546340010,23,horista
487,8031417725,Wyn Rupprecht,wrupprechtdi@nytimes.com,6481716134,56,horista
488,6559383962,Eleanor Craddy,ecraddydj@state.gov,2818589779,57,mensalista
489,7517804863,Barth Cornels,bcornelsdk@wiley.com,1172317095,88,mensalista
490,120954044,Dolorita Eliasson,deliassondl@hao123.com,2231547045,98,mensalista
491,4624413067,Nolly Grew,ngrewdm@jugem.jp,1485187639,48,mensalista
492,8116693131,Alyson Skeel,askeeldn@ox.ac.uk,9321387802,19,horista
493,9104612205,Suzanne Menendez,smenendezdo@instagram.com,9913974854,10,horista
494,9433305582,Betty Cockran,bcockrandp@dropbox.com,2094844077,4,horista
495,1355074231,Tome Redferne,tredfernedq@constantcontact.com,8987990498,100,horista
496,7142111623,Felisha Lipscomb,flipscombdr@icq.com,7825208425,82,mensalista
497,8517745590,Marius Dudden,mduddends@last.fm,3556661950,48,horista
498,1184418764,Becki Duddle,bduddledt@businesswire.com,4272648386,57,horista
499,5679245787,Erwin Aldham,ealdhamdu@reuters.com,5205811974,37,mensalista
500,8427717873,Rogerio Boss,rbossdv@vinaora.com,4018484377,4,mensalista
501,3032281318,Gallagher Matthews,gmatthewsdw@redcross.org,8968341140,90,horista
502,8691171308,Buck Delagnes,bdelagnesdx@soup.io,6898413047,70,mensalista
503,5552634438,Anna-maria Drover,adroverdy@irs.gov,3858496490,59,horista
504,7509794234,Janie Pighills,jpighillsdz@wix.com,4779481552,66,horista
505,5489865326,Murdoch MacGown,mmacgowne0@walmart.com,4417901574,75,mensalista
506,4569403549,Dionisio Freckingham,dfreckinghame1@phpbb.com,8085768263,73,horista
507,7825406761,Anatole MacPhaden,amacphadene2@auda.org.au,7064984716,21,horista
508,865242135,Ebba Paulley,epaulleye3@dagondesign.com,2233648519,12,horista
509,1269467158,Elberta Crosen,ecrosene4@addtoany.com,3844133713,9,mensalista
510,1623248035,Merl Rebichon,mrebichone5@woothemes.com,2721304512,13,horista
511,6768138294,Reggis Perin,rperine6@dagondesign.com,1402089541,4,mensalista
512,3639129504,Geneva Lampkin,glampkine7@jugem.jp,3905377654,40,mensalista
513,4937860607,Perren Quincee,pquinceee8@360.cn,6955954049,98,horista
514,821627252,Dicky Lomen,dlomene9@amazon.co.jp,2059773274,25,horista
515,6311395649,Danell Dallimore,ddallimoreea@surveymonkey.com,8052528689,18,horista
516,6266356694,Meghan Stoves,mstoveseb@dailymotion.com,4864055949,39,mensalista
517,8625318649,Barnard Husby,bhusbyec@jigsy.com,9213407567,51,mensalista
518,8627541477,Lacee Vergo,lvergoed@ucoz.com,5111016349,57,mensalista
519,5894315522,Camala Barrand,cbarrandee@ucoz.ru,5528750669,43,mensalista
520,7220240511,Dalli Lamasna,dlamasnaef@pagesperso-orange.fr,6808982028,32,horista
521,3608684085,Noach Barling,nbarlingeg@admin.ch,8126641890,33,mensalista
522,8268993065,Earlie Lotze,elotzeeh@npr.org,2605403768,2,mensalista
523,7078750314,Erna Antoniewicz,eantoniewiczei@intel.com,2369959299,35,horista
524,4724177284,Dehlia Goodinson,dgoodinsonej@aol.com,3995955075,75,horista
525,4399438355,Cazzie Hansill,chansillek@state.gov,4076355278,9,horista
526,8971713879,Erhart Lottrington,elottringtonel@jalbum.net,8229226019,3,mensalista
527,4343097048,Hasheem Tock,htockem@aol.com,8738926484,86,mensalista
528,6327819982,Di Becerra,dbecerraen@flavors.me,6176137437,59,horista
529,5080923733,Sheba Boas,sboaseo@diigo.com,3378383212,32,horista
530,9163941759,Kelsy Fyall,kfyallep@noaa.gov,8517330582,72,mensalista
531,6916419180,Ursulina Glasheen,uglasheeneq@tuttocitta.it,5071873821,71,horista
532,687439892,Arlie Brithman,abrithmaner@wsj.com,6121058996,48,mensalista
533,1569618232,Gram Creese,gcreesees@people.com.cn,7208749974,8,mensalista
534,2704849633,Ardenia Scoggan,ascogganet@unesco.org,9545038816,93,horista
535,8122172490,Slade Masseo,smasseoeu@youtube.com,3955714986,2,horista
536,1888349611,Jean Alessandrini,jalessandriniev@51.la,1685743039,13,mensalista
537,925903205,Napoleon Begin,nbeginew@sina.com.cn,3675341308,99,mensalista
538,9123475633,Hakeem Hollyland,hhollylandex@i2i.jp,7894857048,76,mensalista
539,9877810077,Gaile Gouldthorpe,ggouldthorpeey@jiathis.com,7262038769,53,mensalista
540,2827101424,Elvyn De Domenici,edeez@lulu.com,5184474337,24,mensalista
541,2956578774,Deb Zanussii,dzanussiif0@bing.com,2459954650,53,horista
542,4045108483,Jany Bellefonte,jbellefontef1@cbsnews.com,5974732152,82,horista
543,8141090720,Mahmoud Lecount,mlecountf2@netscape.com,1889757154,95,horista
544,2340752957,Adella Nehl,anehlf3@smugmug.com,8042796421,75,horista
545,8088734924,Selma Kirkpatrick,skirkpatrickf4@alexa.com,3535747022,49,horista
546,8977678919,Forbes Hughf,fhughff5@mapy.cz,6383112238,9,horista
547,82433070,Ardyth Gladwish,agladwishf6@unesco.org,2355646196,49,mensalista
548,850118662,Gray Elie,gelief7@goo.ne.jp,4771746652,68,horista
549,2755460229,Windham Laville,wlavillef8@squidoo.com,6109688164,57,horista
550,6220125525,Inger Ragles,iraglesf9@sciencedaily.com,5058066354,71,mensalista
551,844777854,Roth Kefford,rkeffordfa@hatena.ne.jp,8301101806,10,mensalista
552,368224376,Rochell Yeiles,ryeilesfb@virginia.edu,5249962650,33,mensalista
553,5008219855,Effie Ginsie,eginsiefc@tiny.cc,1503973106,34,horista
554,1572662778,Ginger Lascelles,glascellesfd@flickr.com,7953254195,42,horista
555,2430958341,Josefa Bibby,jbibbyfe@blogger.com,1003342710,46,mensalista
556,9730637865,Merola Lankester,mlankesterff@microsoft.com,2805344992,63,mensalista
557,1461305810,Odele Cargenven,ocargenvenfg@tumblr.com,3811673060,57,horista
558,3048878025,Gilberta Belfield,gbelfieldfh@netscape.com,3483800400,23,horista
559,4055670095,Reggie Ferre,rferrefi@ehow.com,5352831778,18,mensalista
560,2246685478,Thornton Hurburt,thurburtfj@nifty.com,6259722871,71,horista
561,551256052,Jo-ann Senogles,jsenoglesfk@wikipedia.org,2343223002,68,mensalista
562,6262985328,Caterina Deftie,cdeftiefl@themeforest.net,9148330620,53,horista
563,8976021541,Erika Melmoth,emelmothfm@bizjournals.com,7384243948,42,horista
564,7430978916,Dorthy Hows,dhowsfn@furl.net,5223342062,36,mensalista
565,1862176671,Waldemar Patroni,wpatronifo@google.cn,5736123102,55,mensalista
566,4571439474,Adrea Iacovozzo,aiacovozzofp@altervista.org,4444414697,57,mensalista
567,2466492113,Kippie Wennington,kwenningtonfq@booking.com,9125292768,1,horista
568,278827470,Carilyn Hakking,chakkingfr@wunderground.com,5353259072,56,mensalista
569,5920044160,Ailsun Dobkin,adobkinfs@paypal.com,3941334449,9,mensalista
570,515231584,Norbert Alastair,nalastairft@ca.gov,7304506512,97,horista
571,6425715413,Rozanne Giacomuzzi,rgiacomuzzifu@ow.ly,9524658083,61,horista
572,9899271462,Allene Passion,apassionfv@umich.edu,7756142391,72,horista
573,2563176336,Aluin Stook,astookfw@wired.com,3207158529,37,mensalista
574,3899576217,Jade Trenam,jtrenamfx@wunderground.com,8005105035,30,horista
575,5341506944,Myrtice MacMorland,mmacmorlandfy@noaa.gov,8376499725,9,horista
576,1234437279,Druci Yerson,dyersonfz@hibu.com,9022932176,38,horista
577,7841650426,Dorrie Berthe,dbertheg0@facebook.com,7886113603,5,mensalista
578,2756909602,Cate Dovinson,cdovinsong1@reddit.com,3853417597,35,mensalista
579,5478851442,Rochester Coules,rcoulesg2@flickr.com,7229649648,16,mensalista
580,9318955685,Meta Stebbin,mstebbing3@abc.net.au,2973972521,37,horista
581,1870307569,Cory Rens,crensg4@is.gd,3956778769,15,mensalista
582,7616344054,Nanci Deakin,ndeaking5@timesonline.co.uk,3375302907,24,horista
583,5725685454,Coraline Avramow,cavramowg6@oracle.com,5087642491,48,horista
584,2631038150,Lesley Harber,lharberg7@goo.ne.jp,5679477254,96,mensalista
585,5039358318,Marlin Wickerson,mwickersong8@patch.com,3961456391,76,horista
586,161787541,Clayborne Tomblin,ctombling9@hugedomains.com,5034532065,19,mensalista
587,3185187172,Guinna Lepoidevin,glepoidevinga@imgur.com,1421595615,38,mensalista
588,7525745242,Garv Ratazzi,gratazzigb@geocities.jp,8479020558,24,horista
589,8972221929,Warner Griston,wgristongc@jalbum.net,7396498375,3,mensalista
590,8490073007,Ashlin Santacrole,asantacrolegd@amazon.co.uk,3915455642,80,horista
591,8839176918,Earl Towll,etowllge@slate.com,1764982330,81,horista
592,3490366220,Merrill Radenhurst,mradenhurstgf@bing.com,4107716862,15,mensalista
593,6882432325,Elbert Pinnigar,epinnigargg@hubpages.com,9465513105,76,mensalista
594,1823698743,Herby Dinsale,hdinsalegh@sourceforge.net,8433704467,8,mensalista
595,4468092955,Rinaldo De la croix,rdegi@opera.com,4492629978,79,horista
596,8771811206,Dareen Letchford,dletchfordgj@gnu.org,6088188512,7,mensalista
597,2877730417,Nisse McMakin,nmcmakingk@hugedomains.com,2427044278,97,horista
598,7604036309,Beniamino Wetherhead,bwetherheadgl@timesonline.co.uk,8719986104,18,horista
599,9246516478,Mirna Papen,mpapengm@spiegel.de,3051090235,48,horista
600,1618094300,Amanda Paulmann,apaulmanngn@google.ca,4914627689,65,horista
601,8395935862,Bastien Kwiek,bkwiekgo@ftc.gov,2634762119,73,horista
602,8886893434,Arlana Tinsey,atinseygp@ucoz.com,2275352624,49,mensalista
603,4427315445,Win Sirmond,wsirmondgq@myspace.com,3498968892,45,horista
604,725489308,Martica Jerg,mjerggr@engadget.com,3059130548,29,horista
605,1635980550,Morgun Brundale,mbrundalegs@wordpress.com,7779175056,22,horista
606,8718537928,Ingeberg Hawtrey,ihawtreygt@amazon.com,2018987795,51,mensalista
607,9658001033,Selle Hyne,shynegu@japanpost.jp,7807412147,37,mensalista
608,3054966496,Bordie Sangster,bsangstergv@oracle.com,8223164007,29,mensalista
609,8349818034,La verne Witheford,lvernegw@marriott.com,6871265960,65,mensalista
610,3570532232,Nichole Gregersen,ngregersengx@mac.com,8807436885,90,mensalista
611,3175127185,Edgardo Tash,etashgy@unesco.org,8211042415,9,horista
612,1174772182,Tiffie Pakeman,tpakemangz@yellowpages.com,4776479530,2,mensalista
613,8246661582,Rikki Decourcy,rdecourcyh0@skyrock.com,4971517044,90,mensalista
614,2971972046,Alistair Pock,apockh1@statcounter.com,1791685978,75,horista
615,4774707864,Ashia Hyndes,ahyndesh2@ibm.com,7056196689,39,horista
616,799683647,Ketti Breakspear,kbreakspearh3@soup.io,9068733961,70,mensalista
617,8668040782,Cordie Blackah,cblackahh4@cbc.ca,6387931743,97,mensalista
618,4867393754,Schuyler Fitzsymon,sfitzsymonh5@geocities.jp,1929016826,68,mensalista
619,3006035437,Brear Shaxby,bshaxbyh6@qq.com,5647420500,92,horista
620,4938439824,Jenilee Sissel,jsisselh7@yolasite.com,8893271200,45,horista
621,424683504,Penn Guswell,pguswellh8@dropbox.com,5169565606,48,horista
622,5943231315,Carline Tremberth,ctremberthh9@blogspot.com,8106419150,95,horista
623,7205332605,Nettie Renzini,nrenziniha@statcounter.com,8717359779,2,mensalista
624,7267636586,Alejandrina Offell,aoffellhb@cisco.com,6881948492,80,mensalista
625,1291790241,Lamont Standrin,lstandrinhc@hhs.gov,2817478885,34,horista
626,2706709243,Felix Medcalfe,fmedcalfehd@comsenz.com,8869368998,50,horista
627,3638627616,Chadwick Wayne,cwaynehe@dion.ne.jp,3651981865,88,horista
628,6498011076,Christie Gierhard,cgierhardhf@tumblr.com,9593740259,24,mensalista
629,4926577836,Clemmie Dachey,cdacheyhg@adobe.com,9105749818,69,horista
630,485970759,Kilian Yepiskopov,kyepiskopovhh@blogspot.com,3528530554,53,mensalista
631,5162859206,Thatch Bachelar,tbachelarhi@amazon.com,8208605573,56,horista
632,5060896145,Hans Bein,hbeinhj@unblog.fr,8232143645,61,mensalista
633,8151173084,Man Gemelli,mgemellihk@google.co.uk,4779137886,18,horista
634,3982367158,Scott Dowsey,sdowseyhl@meetup.com,9471759625,72,mensalista
635,6137523144,Denys Cawse,dcawsehm@liveinternet.ru,3792767417,83,horista
636,7224816671,Saunders Franzonello,sfranzonellohn@ustream.tv,7829276026,78,horista
637,5166105699,Cally Abbis,cabbisho@google.ru,3536500459,15,mensalista
638,6819330561,Tabbitha Purchon,tpurchonhp@dyndns.org,6027150934,50,mensalista
639,7466655742,Samuele Blamey,sblameyhq@epa.gov,9808128416,11,mensalista
640,8989053463,Lindy Brislan,lbrislanhr@nps.gov,7585229259,39,mensalista
641,353377228,Martguerita MacAlpine,mmacalpinehs@cmu.edu,2825481446,18,horista
642,4201562573,Reider McKillop,rmckillopht@go.com,6839172475,59,horista
643,3747501656,Starlene Portch,sportchhu@cafepress.com,8632511561,22,horista
644,5143902061,Simonne Padmore,spadmorehv@friendfeed.com,4771934597,74,horista
645,8465319588,Manny Yanov,myanovhw@earthlink.net,1477582711,37,horista
646,860216489,Ariana Boyat,aboyathx@elegantthemes.com,9491334305,91,horista
647,9736044785,Desiree Vasilic,dvasilichy@blinklist.com,3385740342,20,horista
648,4083306998,Darbie MacAlpin,dmacalpinhz@usda.gov,7466953352,42,mensalista
649,6787744021,Bennett Ealden,bealdeni0@mlb.com,3867394808,60,horista
650,7419101582,Hetti Denty,hdentyi1@baidu.com,5306822303,27,horista
651,5400439756,Mahala Tuiller,mtuilleri2@ftc.gov,8448987522,94,horista
652,7107292943,Constantina Scarce,cscarcei3@amazonaws.com,7996547862,61,mensalista
653,4556277507,Shanie Fabbri,sfabbrii4@washington.edu,2068807070,9,horista
654,3301359116,Leonore Pude,lpudei5@samsung.com,8747276503,49,mensalista
655,4163587217,Nikolai Dunniom,ndunniomi6@posterous.com,5259113507,28,horista
656,2231399393,Beck Kolakowski,bkolakowskii7@quantcast.com,9565661713,44,mensalista
657,625686918,Sacha Kedge,skedgei8@topsy.com,9697099058,89,horista
658,6281532376,Ryan Tappington,rtappingtoni9@github.io,7102719925,4,horista
659,220459495,Tobi Crebo,tcreboia@latimes.com,9117851120,17,mensalista
660,8860424275,Clare Welbelove,cwelbeloveib@sphinn.com,3994037431,25,horista
661,2722043904,Miguelita Hewell,mhewellic@fastcompany.com,8466198736,49,mensalista
662,4334657494,Johnette Huyghe,jhuygheid@paginegialle.it,8507882720,71,horista
663,2939514968,Lyndell Giacomello,lgiacomelloie@apple.com,1473213949,31,mensalista
664,8406999462,Gert Barrie,gbarrieif@va.gov,3509770380,85,horista
665,5869537800,Stacie Gatcliff,sgatcliffig@fema.gov,3856914566,41,horista
666,6207624831,Vassili Hallitt,vhallittih@mlb.com,3518118151,79,horista
667,9977142629,Nikolas Dury,nduryii@mac.com,1467976342,46,mensalista
668,6581227781,Kane Loutheane,kloutheaneij@webeden.co.uk,5907219345,6,horista
669,9994424483,Katine Bamlett,kbamlettik@youtube.com,7771468583,59,mensalista
670,712987746,Rakel Grimshaw,rgrimshawil@wordpress.org,3834895561,88,horista
671,4261384736,Ave Ionesco,aionescoim@gov.uk,9692271784,20,horista
672,2117948898,Salaidh Fairpo,sfairpoin@ca.gov,8739569459,93,mensalista
673,8624072565,Brodie Earengey,bearengeyio@ucsd.edu,7915933576,24,horista
674,6765329986,Chicky Selburn,cselburnip@wordpress.com,1865572119,96,horista
675,1026411807,Ardene Kelby,akelbyiq@biblegateway.com,2455317343,10,mensalista
676,8683004481,Jeno Kuscha,jkuschair@icq.com,4241230247,59,mensalista
677,6230138387,Brennan Juzek,bjuzekis@berkeley.edu,3363153889,80,mensalista
678,6304129580,Genvieve Mosley,gmosleyit@prnewswire.com,4857588319,42,horista
679,1970804882,Esmeralda Kielt,ekieltiu@topsy.com,7847292122,80,horista
680,9271977483,Ramsey Viall,rvialliv@wikipedia.org,1019440646,91,mensalista
681,3472403071,Hortense Coveny,hcovenyiw@cnbc.com,4078575683,22,horista
682,6171497576,Yetta Bunch,ybunchix@ucoz.ru,6506520004,18,mensalista
683,7953956632,Reinaldo Shelmardine,rshelmardineiy@google.es,6622242994,35,mensalista
684,3986481303,Averyl Beer,abeeriz@nsw.gov.au,5736942511,71,horista
685,1839991097,Kevan Villar,kvillarj0@gov.uk,6149248361,39,mensalista
686,6416888033,Abramo Tickel,atickelj1@pbs.org,3825373747,36,horista
687,7561236336,Hildagard Plaide,hplaidej2@themeforest.net,7525100485,98,mensalista
688,63602946,Priscilla Rainy,prainyj3@smh.com.au,3382606216,46,horista
689,1154982114,Leila Nolton,lnoltonj4@oakley.com,1996349550,91,mensalista
690,6729502916,Constancy Houten,choutenj5@nymag.com,3426308701,14,mensalista
691,8235412721,Adda Binyon,abinyonj6@hao123.com,9652430580,7,mensalista
692,6331421106,Mel Buckleigh,mbuckleighj7@friendfeed.com,5237225457,79,horista
693,2842416686,Derek Riepl,drieplj8@live.com,3714161968,12,horista
694,717922073,Sigrid Evill,sevillj9@alexa.com,9563890098,100,horista
695,2379213518,Emilie Knock,eknockja@home.pl,1605190889,84,horista
696,5079080132,Farrel Whitney,fwhitneyjb@photobucket.com,5739168024,49,horista
697,1040424279,Isa Carlino,icarlinojc@samsung.com,4669171639,91,horista
698,9077614605,Reuven Canavan,rcanavanjd@livejournal.com,4056042093,14,mensalista
699,5245903032,Demetre Gatehouse,dgatehouseje@addtoany.com,2721569129,52,horista
700,3136802713,Tann Smallpeice,tsmallpeicejf@kickstarter.com,7548675654,86,horista
701,9378500048,Chick Al Hirsi,caljg@amazon.com,7655144791,25,mensalista
702,8762064584,Anson Gridon,agridonjh@alibaba.com,2244768213,83,horista
703,1364622009,Skipp Tortice,storticeji@dagondesign.com,9256585251,82,mensalista
704,2222274540,Kayle Fowden,kfowdenjj@privacy.gov.au,2732983287,93,horista
705,9891808122,Pearline Harriman,pharrimanjk@marketwatch.com,4397499116,95,mensalista
706,5638347577,Lishe Sandham,lsandhamjl@bloomberg.com,7842019690,77,mensalista
707,3449712624,Isaac Skipton,iskiptonjm@geocities.jp,3955713742,19,mensalista
708,6015800607,Colin Grant,cgrantjn@zdnet.com,4072232428,100,mensalista
709,9257114643,Seward Rawlin,srawlinjo@domainmarket.com,5656365123,43,mensalista
710,2501818970,Homer Rembrandt,hrembrandtjp@gravatar.com,6837990478,20,mensalista
711,6810551166,Ardene Iannitti,aiannittijq@bbb.org,4609187484,83,mensalista
712,2465380117,Niven Harron,nharronjr@earthlink.net,2503629461,81,mensalista
713,2452912646,Nadiya Wealthall,nwealthalljs@edublogs.org,2411672737,91,mensalista
714,643540245,Rabi Penrith,rpenrithjt@studiopress.com,3204168086,81,horista
715,145357627,Aloin Cruess,acruessju@youku.com,9245737610,58,horista
716,816225672,Carlos Millwater,cmillwaterjv@ca.gov,5972489038,27,horista
717,3489912780,Hinda Mattingly,hmattinglyjw@e-recht24.de,6822822781,17,mensalista
718,5951796911,Beulah Koppes,bkoppesjx@webmd.com,5307590945,69,mensalista
719,4025651041,Clemmy Pittock,cpittockjy@cam.ac.uk,1034826317,5,mensalista
720,4379345459,Gusty Sheridan,gsheridanjz@harvard.edu,1477505051,55,mensalista
721,7082968787,Nichols Spaice,nspaicek0@devhub.com,2567101688,95,mensalista
722,2783619563,Debi Bogays,dbogaysk1@blogtalkradio.com,9428974759,69,horista
723,5634608147,Corbin Marcombe,cmarcombek2@smh.com.au,3854399481,1,horista
724,4638444520,Benito Signe,bsignek3@photobucket.com,3074218349,32,mensalista
725,3169757806,Marthena Markwick,mmarkwickk4@economist.com,8972413322,1,mensalista
726,6617260783,Rosalie Horsefield,rhorsefieldk5@yolasite.com,5425389967,82,mensalista
727,7234032835,Lynn Messruther,lmessrutherk6@ocn.ne.jp,4814599760,36,horista
728,7411772011,Franny Matieu,fmatieuk7@cbsnews.com,8873226340,28,mensalista
729,989212572,Romeo Pesterfield,rpesterfieldk8@nih.gov,8305953519,72,mensalista
730,8000020807,Arlena Livzey,alivzeyk9@si.edu,3577702793,44,mensalista
731,8389427168,Pebrook Benzie,pbenzieka@php.net,5475431815,67,mensalista
732,9387065804,Daniella Hempel,dhempelkb@dmoz.org,4005098664,2,mensalista
733,2099580081,Cooper Andrault,candraultkc@arizona.edu,2569068006,22,horista
734,1354083008,Lazarus Lepope,llepopekd@free.fr,4033529461,51,mensalista
735,3608317988,Antonius Padgham,apadghamke@state.tx.us,1496657959,64,horista
736,6296362374,Felix Brice,fbricekf@who.int,9609990366,37,horista
737,2837706361,Lezlie Spellworth,lspellworthkg@yale.edu,6742902603,9,mensalista
738,9257969843,Candace Wooland,cwoolandkh@infoseek.co.jp,2843697460,4,mensalista
739,3459743174,Gusella Creedland,gcreedlandki@bizjournals.com,5985406223,72,horista
740,9833434541,Arabelle Ballintyne,aballintynekj@google.co.uk,9878704210,65,horista
741,74349473,Eddy McRinn,emcrinnkk@bloglovin.com,3158094764,61,horista
742,320542823,Madelin Broke,mbrokekl@google.co.uk,1136181732,17,horista
743,1740848217,Alissa McKibben,amckibbenkm@sciencedirect.com,8404324451,86,horista
744,630480478,Jim Delmonti,jdelmontikn@google.com,5105413604,5,mensalista
745,2921840545,Winn Grogan,wgroganko@mozilla.org,2435359672,86,mensalista
746,8961068164,Ally Croci,acrocikp@rambler.ru,5849222504,59,horista
747,9329615481,Bail Inglis,bingliskq@sohu.com,1822355792,96,horista
748,2306146225,Danella Burde,dburdekr@craigslist.org,8829156370,60,mensalista
749,6477933047,Kandace Sproson,ksprosonks@wix.com,8834071935,44,horista
750,9548672154,Patric Rudsdale,prudsdalekt@acquirethisname.com,9971949259,72,horista
751,9185338850,Loria Bortolini,lbortoliniku@biblegateway.com,6384569547,45,mensalista
752,9236216161,Bridie Silberschatz,bsilberschatzkv@mysql.com,5608940053,5,horista
753,1308854676,Nolana Huske,nhuskekw@photobucket.com,4397341930,98,mensalista
754,1157495729,Andrew Elie,aeliekx@simplemachines.org,1745506634,42,horista
755,2615333267,Sharleen Ebunoluwa,sebunoluwaky@nsw.gov.au,8159656725,2,mensalista
756,4634121239,Patrizia Denk,pdenkkz@cafepress.com,8158260231,2,horista
757,6907044730,Upton Masterton,umastertonl0@cyberchimps.com,9961885048,100,mensalista
758,7744928296,Sibby Corck,scorckl1@devhub.com,6228024217,79,horista
759,795052553,Dennison Cronchey,dcroncheyl2@mediafire.com,5881163751,53,horista
760,1020209712,Wilmer McIndoe,wmcindoel3@mozilla.org,1717719676,63,horista
761,5740671124,Ewan Haylor,ehaylorl4@addthis.com,2063503693,65,mensalista
762,5679736705,Louisette Emer,lemerl5@sitemeter.com,9639922524,7,horista
763,4052252454,Dalton Adhams,dadhamsl6@flickr.com,9732090269,83,mensalista
764,792797167,Karyn Gell,kgelll7@miitbeian.gov.cn,4648385093,90,horista
765,9172795948,Taber Littlekit,tlittlekitl8@dyndns.org,4056307717,46,mensalista
766,5223171209,Chester Trowell,ctrowelll9@xinhuanet.com,3559372976,76,mensalista
767,2937822649,Amelina Honisch,ahonischla@blogtalkradio.com,8984769497,83,horista
768,3243961599,Sileas Redfield,sredfieldlb@springer.com,6444290054,44,horista
769,6051634347,Raynell Ledgeway,rledgewaylc@goo.ne.jp,7955298607,2,mensalista
770,8444855979,Crissie Venners,cvennersld@businessweek.com,9719244131,18,horista
771,6872134887,Danyelle Sallis,dsallisle@kickstarter.com,8212092569,25,mensalista
772,338127267,Yancey Okill,yokilllf@ow.ly,8663393489,94,horista
773,9818285409,Sada Klauer,sklauerlg@sphinn.com,8908370905,22,mensalista
774,5353291549,Page Blundon,pblundonlh@paypal.com,7441147623,41,mensalista
775,8434264862,Talbert Synke,tsynkeli@dmoz.org,8222275295,17,mensalista
776,3479467210,Blancha Fearnsides,bfearnsideslj@wiley.com,7105546229,61,horista
777,1227165870,Lorena Cheesley,lcheesleylk@about.com,2507048639,40,mensalista
778,6340658199,Linc Dougliss,ldouglissll@sogou.com,4803456145,56,horista
779,2076628495,Skippy Hamsley,shamsleylm@unc.edu,4374280768,97,mensalista
780,3166574557,Jilly Josland,jjoslandln@smh.com.au,6515879397,38,mensalista
781,8205813167,Alejandra Plumptre,aplumptrelo@adobe.com,3589351394,80,horista
782,4810594548,Rafa Greave,rgreavelp@cdbaby.com,3731877516,38,mensalista
783,4088139607,Cora Grob,cgroblq@ucla.edu,1681157368,84,horista
784,8195192025,Kristian Drepp,kdrepplr@tripod.com,9411932790,92,mensalista
785,8032814485,Esdras Mimmack,emimmackls@dion.ne.jp,9256272730,13,mensalista
786,952096048,Jeff Luna,jlunalt@oracle.com,8614393877,22,mensalista
787,7723358628,Arv Kopecka,akopeckalu@answers.com,5246683361,16,horista
788,9299952728,Erl Jailler,ejaillerlv@patch.com,4786177427,90,mensalista
789,1542532426,Lammond Rehn,lrehnlw@newyorker.com,3886484525,50,horista
790,6963939136,Henderson Garwill,hgarwilllx@yahoo.co.jp,6486912393,98,mensalista
791,1300249366,Bernadine Spratley,bspratleyly@blogger.com,1155847271,3,mensalista
792,3137704308,Archibald Labat,alabatlz@sohu.com,6264884714,18,horista
793,7209993894,Elvis Coton,ecotonm0@ucoz.ru,2437920494,84,mensalista
794,605447896,Morgan Narracott,mnarracottm1@chronoengine.com,2885180405,1,mensalista
795,1148237763,Mirelle Perrigo,mperrigom2@vistaprint.com,5088842049,91,horista
796,1940728584,Bealle Fleischer,bfleischerm3@trellian.com,7737065167,52,horista
797,4775680129,Kennedy Gianasi,kgianasim4@shutterfly.com,8766273476,48,horista
798,1499196938,Vernice Annwyl,vannwylm5@toplist.cz,2854365415,51,mensalista
799,7875469368,Vivianna Hadye,vhadyem6@1688.com,1362856584,11,mensalista
800,1902895584,Augustus Wotherspoon,awotherspoonm7@posterous.com,2685223107,29,horista
801,5883797083,Patty McGinly,pmcginlym8@artisteer.com,3787382061,42,horista
802,4055733615,Zechariah Liddle,zliddlem9@sogou.com,9615986057,15,horista
803,7287626330,Tabbatha Congrave,tcongravema@slate.com,2959930499,27,mensalista
804,5289770097,Irving Dybell,idybellmb@bloomberg.com,5982988963,69,mensalista
805,6486888237,Ambrosius Quail,aquailmc@example.com,1892939108,100,horista
806,810759144,Pavia MacKnocker,pmacknockermd@wsj.com,3223199863,67,horista
807,8479452714,Kaia Castana,kcastaname@reference.com,3176665259,58,horista
808,7842624232,Althea Coudray,acoudraymf@discuz.net,4355860792,70,horista
809,5777237592,Rozalin Heather,rheathermg@ustream.tv,5107122295,10,horista
810,782971377,Hirsch McVeagh,hmcveaghmh@sourceforge.net,5982595246,6,horista
811,4767307805,Calvin Kamien,ckamienmi@com.com,1353168681,91,mensalista
812,5925459695,Michele Monkton,mmonktonmj@walmart.com,3229588096,72,mensalista
813,2012109241,Virgilio Parzis,vparzismk@harvard.edu,5241019017,46,horista
814,225864142,Idell Beranek,iberanekml@netvibes.com,7256015941,35,horista
815,3470084351,Nichol Pinock,npinockmm@arstechnica.com,1611064253,57,mensalista
816,2098005520,Hamlin Raubenheim,hraubenheimmn@cyberchimps.com,8656357104,31,mensalista
817,481140107,Kerwin Cremer,kcremermo@hud.gov,3721262508,47,mensalista
818,8237561546,Kiel Friday,kfridaymp@whitehouse.gov,3115720802,11,mensalista
819,9879338111,Johny Kroger,jkrogermq@globo.com,2593364517,26,mensalista
820,8581371310,Ker Guesford,kguesfordmr@umich.edu,2024378578,8,mensalista
821,1361896299,Sibby Haitlie,shaitliems@wufoo.com,6781078968,75,mensalista
822,9405664441,Gnni Mastrantone,gmastrantonemt@washington.edu,2443451500,51,horista
823,3629050867,Michaella Whatling,mwhatlingmu@oakley.com,4318632952,48,mensalista
824,3869413980,Dev Basham,dbashammv@wufoo.com,2135623013,90,horista
825,2990755659,Lanita Perago,lperagomw@shop-pro.jp,1022132333,51,mensalista
826,2485121281,Gina Nesbeth,gnesbethmx@photobucket.com,7778609419,30,mensalista
827,5466980285,Lorant Trehearne,ltrehearnemy@instagram.com,6812017832,13,mensalista
828,5473654282,Mayne Sonier,msoniermz@miitbeian.gov.cn,6759546904,78,horista
829,8978528368,Eugenia Cleugher,ecleughern0@tamu.edu,1638098512,76,horista
830,5791661681,Janos Oldall,joldalln1@amazon.co.uk,3444948657,40,horista
831,4114793364,Ingram Hitchens,ihitchensn2@netlog.com,5758346462,95,mensalista
832,2463862459,Simone Alleway,sallewayn3@artisteer.com,3314945203,62,horista
833,9390651867,Mona Naisbitt,mnaisbittn4@sakura.ne.jp,6026257267,57,horista
834,6260128894,Kile Snodin,ksnodinn5@seattletimes.com,4993116242,13,horista
835,1340829169,Whitaker Rapson,wrapsonn6@gizmodo.com,9708379407,13,mensalista
836,6064226358,Ryon Macura,rmacuran7@live.com,9077905057,82,horista
837,5143955343,Anabelle Idle,aidlen8@wikia.com,6611983843,60,mensalista
838,8326078948,Maridel Krzysztofiak,mkrzysztofiakn9@nyu.edu,1311192863,98,horista
839,3203414821,Farr Lecointe,flecointena@purevolume.com,3983017199,90,mensalista
840,1800725876,Hardy Iddons,hiddonsnb@myspace.com,8436897598,16,horista
841,9299043019,Karleen Booker,kbookernc@seesaa.net,7252869870,74,horista
842,4219938435,Samaria Binley,sbinleynd@illinois.edu,2995126068,95,horista
843,9132844247,Mattheus Bernardeau,mbernardeaune@trellian.com,9576928411,66,mensalista
844,2989047891,Teresita Orviss,torvissnf@google.pl,5118371247,52,mensalista
845,4299779053,Letizia Anney,lanneyng@wikispaces.com,6792509565,56,horista
846,9581149228,Reta Creighton,rcreightonnh@cdc.gov,2149476940,37,mensalista
847,4980512127,Terry Boyett,tboyettni@skype.com,7628497655,35,horista
848,521858739,Jerome Brackley,jbrackleynj@amazon.co.jp,8984290679,32,horista
849,3446156208,Ferdy Iacoboni,fiacobonink@rakuten.co.jp,9642282247,42,horista
850,3567425765,Philip Brangan,pbrangannl@hibu.com,8292033860,35,mensalista
851,4683637758,Marion Levy,mlevynm@e-recht24.de,7763823887,41,mensalista
852,9469863143,Port Vango,pvangonn@earthlink.net,3151608500,84,horista
853,1654953407,Nadia Horry,nhorryno@parallels.com,4776743926,85,mensalista
854,7812046508,Kathe Telfer,ktelfernp@msu.edu,3368382238,86,horista
855,8252450660,Roxy Lambersen,rlambersennq@aboutads.info,7503035570,11,horista
856,1462695787,Harriot Hutchin,hhutchinnr@answers.com,8933502316,34,horista
857,3859168029,Nelle Whitewood,nwhitewoodns@behance.net,3998588461,28,horista
858,6198850439,Nicolis Tuny,ntunynt@webmd.com,7905328820,24,mensalista
859,1448088445,Franny Antoniat,fantoniatnu@ning.com,7148911630,90,horista
860,7560481639,Tymon Cowden,tcowdennv@walmart.com,2129185658,7,mensalista
861,6978346322,Paulette Ablitt,pablittnw@nymag.com,2459527900,50,horista
862,7899520355,Trenna Storks,tstorksnx@hhs.gov,4372818657,60,mensalista
863,6486342986,Joli Warbeys,jwarbeysny@exblog.jp,9555495277,64,mensalista
864,2248586736,Billi Campelli,bcampellinz@vistaprint.com,6152507511,11,mensalista
865,4134420741,Marsiella Giovanetti,mgiovanettio0@cbslocal.com,2768121629,64,mensalista
866,2892779448,Hoyt Colliss,hcollisso1@rakuten.co.jp,3514132755,53,horista
867,4661218833,Bruce Borgnet,bborgneto2@usatoday.com,9977980893,78,horista
868,7804048211,Donaugh Blabie,dblabieo3@networkadvertising.org,7208068823,91,mensalista
869,4393310470,Nev Fauning,nfauningo4@ning.com,9604069770,3,horista
870,754359832,Morley Kiln,mkilno5@springer.com,8297751796,23,horista
871,405436556,Gabriela Hunn,ghunno6@quantcast.com,3679489643,52,horista
872,326523995,Sibeal Clarridge,sclarridgeo7@globo.com,5748522544,64,horista
873,8307445469,Dulcie Bilbrook,dbilbrooko8@cornell.edu,5602525529,65,horista
874,744963907,Vernen Houseley,vhouseleyo9@google.co.uk,3301247905,88,horista
875,5911134225,Tawsha Magee,tmageeoa@opera.com,1109528906,30,horista
876,3894673389,Russ Jory,rjoryob@netlog.com,1334864090,85,horista
877,9544832599,Mac Endrizzi,mendrizzioc@bbb.org,2469115519,25,mensalista
878,7635782398,Thaddus Kegley,tkegleyod@cloudflare.com,7922094094,60,horista
879,139602631,Annemarie Dunne,adunneoe@rediff.com,4752605332,27,mensalista
880,6895242155,Quillan Moses,qmosesof@people.com.cn,6818822473,95,horista
881,6998930607,Niccolo Westmore,nwestmoreog@craigslist.org,6063076334,10,mensalista
882,2827961555,Hubert Collidge,hcollidgeoh@wordpress.com,8238924108,91,horista
883,4103077247,Bevvy Matuszyk,bmatuszykoi@cam.ac.uk,3703643976,63,horista
884,3111746402,Markos MacKall,mmackalloj@amazon.de,4402383393,46,mensalista
885,6215743704,Petronilla Oulett,poulettok@myspace.com,1173145208,38,mensalista
886,5434108620,Vonny Adrain,vadrainol@imageshack.us,1331373582,76,horista
887,4419116307,Karlik Goodley,kgoodleyom@home.pl,3395210906,23,mensalista
888,8941848881,Demetri Waterland,dwaterlandon@exblog.jp,4764674921,45,mensalista
889,881777803,Herta Jewster,hjewsteroo@dion.ne.jp,4966091627,35,horista
890,232373574,Rhody Garz,rgarzop@java.com,9673193351,15,horista
891,6192537453,Emmaline Marson,emarsonoq@imageshack.us,7346099905,89,horista
892,7697103796,Rahal MacGowing,rmacgowingor@weebly.com,5106905786,55,mensalista
893,7791087944,Benn Wadman,bwadmanos@slideshare.net,8182849002,65,horista
894,6696204954,Berne Jeannaud,bjeannaudot@zdnet.com,7271317293,98,horista
895,5556043779,Alexandros Deverale,adeveraleou@princeton.edu,8466169881,10,horista
896,6398053338,Beatrisa Coggles,bcogglesov@ning.com,8158166669,7,horista
897,2261268998,Darbee Doctor,ddoctorow@answers.com,7674026494,60,mensalista
898,5731387273,Conrad Burdon,cburdonox@eepurl.com,7936543014,46,horista
899,749519223,Sal McQuade,smcquadeoy@tiny.cc,6823841565,65,horista
900,8884542073,Waverly Revie,wrevieoz@cbslocal.com,8282624081,79,horista
901,2741450412,Kale Acedo,kacedop0@marriott.com,3956604345,45,horista
902,326624317,Yvonne Smyth,ysmythp1@craigslist.org,4732140949,76,horista
903,1286179947,Ingeborg Cuddehy,icuddehyp2@360.cn,7783327390,67,mensalista
904,196944589,Barnebas Broadbear,bbroadbearp3@discovery.com,9071084995,49,horista
905,8249544307,Elana Barth,ebarthp4@jimdo.com,4639608797,53,horista
906,9216198400,Bessie Morrilly,bmorrillyp5@ameblo.jp,1151363332,10,horista
907,2183210680,Mycah Harrema,mharremap6@163.com,4144912617,11,mensalista
908,6204617036,Brittani Daunter,bdaunterp7@discuz.net,5052597025,46,horista
909,9101109014,Keelby Shambrook,kshambrookp8@histats.com,2882920622,49,horista
910,7186217753,Lorianna Frude,lfrudep9@instagram.com,3257100270,15,horista
911,7269999953,Salim Ledgister,sledgisterpa@pbs.org,9643973825,73,horista
912,622621289,Diahann Heinlein,dheinleinpb@dell.com,1109490406,85,mensalista
913,1451660502,Auberta Nickless,anicklesspc@nih.gov,1507900221,100,horista
914,7636239701,Cassey Hotson,chotsonpd@bloglovin.com,5033453959,43,mensalista
915,2263752145,Boniface Edmenson,bedmensonpe@cdbaby.com,8742149377,89,horista
916,4818159174,Olav Biagini,obiaginipf@wikispaces.com,6169447938,66,mensalista
917,2164877365,Iosep Rysom,irysompg@paginegialle.it,7451876845,9,mensalista
918,4529853292,Ilaire Yeowell,iyeowellph@dagondesign.com,3046822047,33,mensalista
919,9113067508,Cindi Trinbey,ctrinbeypi@yellowbook.com,5025072338,24,mensalista
920,4083864915,Fee Baroche,fbarochepj@dailymotion.com,6958376119,13,mensalista
921,4401666941,Marysa Longcake,mlongcakepk@seesaa.net,8642665749,44,horista
922,4250366464,Thatch Trengove,ttrengovepl@ow.ly,8762197825,57,horista
923,7729269929,Bruis Basley,bbasleypm@dion.ne.jp,7742680420,62,horista
924,6004662992,Neal Quittonden,nquittondenpn@thetimes.co.uk,2933280894,68,horista
925,4100208812,Randi Whiffen,rwhiffenpo@hibu.com,5525943233,60,mensalista
926,2900914760,Kailey McSherry,kmcsherrypp@netlog.com,4374700205,46,horista
927,544159349,Moss Tsar,mtsarpq@boston.com,8131303084,69,horista
928,4575491292,Andrei Lundie,alundiepr@ibm.com,7094524369,81,horista
929,6804081900,Tadio Cardnell,tcardnellps@about.me,6225006043,22,mensalista
930,6363725089,Tad Brodeur,tbrodeurpt@mapy.cz,9885664724,15,horista
931,7412808915,Kittie Cowsby,kcowsbypu@businesswire.com,4256734155,99,mensalista
932,3718521334,Belinda Klisch,bklischpv@home.pl,1591294601,4,horista
933,9121278865,Corly Hesse,chessepw@sciencedaily.com,6043845182,41,horista
934,5958551035,Alexandr Karlik,akarlikpx@geocities.jp,7485652099,56,mensalista
935,689089708,Marquita Lowis,mlowispy@prnewswire.com,9685409540,48,mensalista
936,6595124602,Cobb Woolf,cwoolfpz@abc.net.au,8714007071,59,horista
937,4690289069,Delphinia Addington,daddingtonq0@nba.com,5788463158,71,horista
938,4847071549,Jannel Keysall,jkeysallq1@paginegialle.it,6342991327,49,horista
939,4858498034,Temp Crathern,tcrathernq2@homestead.com,5452460166,60,horista
940,2998996957,Emelen Schulze,eschulzeq3@ucla.edu,5161863788,85,mensalista
941,4339697583,Kayla Bossel,kbosselq4@mozilla.com,1697681518,57,mensalista
942,607225106,Carmel Reckus,creckusq5@arstechnica.com,7784361658,33,horista
943,1078797331,Cathee Croydon,ccroydonq6@smugmug.com,4953541372,94,mensalista
944,3208192185,Alfy Scarlon,ascarlonq7@facebook.com,4123288411,25,mensalista
945,8727997634,Peirce McGow,pmcgowq8@cargocollective.com,8374225782,13,horista
946,303827343,Selena Muldoon,smuldoonq9@globo.com,2707291998,39,mensalista
947,8207724366,Vina Fenny,vfennyqa@fda.gov,1506356933,77,horista
948,4494553840,Gaspard Durdle,gdurdleqb@joomla.org,6683857423,60,horista
949,1075925037,Trudy Bridgnell,tbridgnellqc@weather.com,5628900548,41,horista
950,7904330512,Ursala Pedrozzi,upedrozziqd@desdev.cn,7269195361,48,mensalista
951,6693605621,Tanya Dacca,tdaccaqe@pbs.org,4039270955,12,horista
952,2350074528,Buck Colquete,bcolqueteqf@yellowbook.com,6202523587,31,horista
953,8427560567,Teirtza Stoggles,tstogglesqg@dagondesign.com,3455614633,42,horista
954,5211256999,Doretta Brickner,dbricknerqh@archive.org,7187148647,17,horista
955,8245678341,Irwin Mulvy,imulvyqi@irs.gov,6973533130,97,mensalista
956,5341852737,Vita McCord,vmccordqj@nifty.com,9126206982,24,mensalista
957,1901334813,Stillmann Blackmuir,sblackmuirqk@t.co,8242219790,75,mensalista
958,7654730276,Broderic Coudray,bcoudrayql@google.de,1935232847,85,mensalista
959,4291792492,Joaquin Stride,jstrideqm@nature.com,1682651410,4,horista
960,8206793038,Myrtle Daily,mdailyqn@bing.com,6059658582,78,horista
961,3971560350,Baudoin Capponer,bcapponerqo@pbs.org,1727187930,63,horista
962,8816017732,Carling Emms,cemmsqp@hud.gov,8918354471,80,mensalista
963,99341336,Kaitlynn Castree,kcastreeqq@hibu.com,8349821334,30,horista
964,2591073171,Hubey Letts,hlettsqr@quantcast.com,5137635681,63,mensalista
965,1983154717,Sharity Huntingdon,shuntingdonqs@ca.gov,5271454278,7,horista
966,3449545590,Leroi O'Rudden,loruddenqt@fotki.com,4556630560,6,horista
967,9662665358,Donnie Grogona,dgrogonaqu@wordpress.com,9545503767,53,mensalista
968,8946447443,Zara Jodlowski,zjodlowskiqv@ted.com,9108842446,95,horista
969,9823357501,Leia Guard,lguardqw@pinterest.com,6854016367,79,mensalista
970,9719250895,Nestor Southworth,nsouthworthqx@deviantart.com,4632192564,23,horista
971,1935070142,Althea Shakespear,ashakespearqy@google.com.hk,5005044688,14,horista
972,5384946636,Lorena Quirke,lquirkeqz@unicef.org,9164863329,40,mensalista
973,5140178362,Bonnie Nolda,bnoldar0@fastcompany.com,6837906739,19,horista
974,9126769956,Evonne Mackerness,emackernessr1@hp.com,2109734173,50,horista
975,645332917,Corrina Ker,ckerr2@cbc.ca,1166452649,78,horista
976,5370096619,Lev O'Dare,lodarer3@wix.com,7942653717,20,horista
977,8690527257,Ivor Hook,ihookr4@amazon.co.jp,8925772612,5,horista
978,4213331342,Bancroft Quinevan,bquinevanr5@barnesandnoble.com,8321112364,11,horista
979,9210403797,Christalle Leebeter,cleebeterr6@pagesperso-orange.fr,2312351262,34,mensalista
980,76832945,Darb Daens,ddaensr7@shop-pro.jp,4645646256,48,horista
981,116601760,Leann holmes,lholmesr8@irs.gov,6405080309,10,horista
982,5963698014,Kittie Martyntsev,kmartyntsevr9@pbs.org,8892490674,86,horista
983,5730251041,Ashley Rowles,arowlesra@biblegateway.com,6636391875,3,mensalista
984,6267905888,Robbie Bowerbank,rbowerbankrb@diigo.com,2754371675,47,horista
985,9556495851,Caterina Damerell,cdamerellrc@freewebs.com,5181168407,83,mensalista
986,1443633917,Bjorn Corballis,bcorballisrd@businessweek.com,5744267597,46,horista
987,8960006769,Claire Ashby,cashbyre@constantcontact.com,9174239960,85,horista
988,9799120489,Martita Van Arsdalen,mvanrf@prweb.com,9794480238,32,horista
989,7155512575,Siouxie Bernard,sbernardrg@wiley.com,6226570014,30,mensalista
990,5762182185,Ingamar Huett,ihuettrh@microsoft.com,4688429609,49,horista
991,1433353776,Lorianna Mulleary,lmullearyri@princeton.edu,4889729693,60,mensalista
992,3548440339,Lynnette Plumbley,lplumbleyrj@mayoclinic.com,4146600704,13,mensalista
993,5153873234,Cass Stiller,cstillerrk@bbb.org,4308549779,25,horista
994,4839923140,Howey Nibloe,hnibloerl@deliciousdays.com,1322268451,28,horista
995,2001941684,Juliana Cowthart,jcowthartrm@go.com,7468459253,79,mensalista
996,9808182941,Tally Banbrigge,tbanbriggern@slashdot.org,7625018178,94,horista
997,5856362470,Ly Halversen,lhalversenro@cocolog-nifty.com,4118529171,5,horista
998,7824946320,Kiel Klement,kklementrp@reddit.com,9607667084,73,mensalista
999,6459315930,Gizela Feenan,gfeenanrq@wired.com,7487897230,6,mensalista
1000,5474605196,Efrem Charpin,echarpinrr@businesswire.com,4939654192,79,mensalista